iso,name,has_test,test_name,format,official_material_url,material_license,reusable_official_questions,confidence,notes
AD,Andorra,yes,Apreciació de la suficient integració a Andorra,,,,unclear,medium,Integration must be proven; a diploma in Andorran human and social sciences is accepted. The regulation setting the assessment was not read. Catalan B1 is asked for separately.
AF,Afghanistan,unclear,,,,,,low,Not verified: no official source could be read in this pass (no working official source for current nationality law). No civics or knowledge test is known for naturalization.
AG,Antigua and Barbuda,no,,,,,,medium,"Citizenship Act (Cap. 22) has no knowledge, language or test condition. https://laws.gov.ag/wp-content/uploads/2018/08/cap-22.pdf (the 1992 revised edition; later amendments not checked)."
AL,Albania,yes,,,,,unclear,low,Law requires certified basic knowledge of Albanian history (and the Constitution); no official description of an exam found.
AM,Armenia,yes,Test of knowledge of the Constitution of the Republic of Armenia,"33 questions, 17 to pass, 60 min, computer",,,unclear,medium,"Constitution test in Armenian, which also serves as the language check. Question bank not found published."
AO,Angola,unclear,,,,,,low,Not verified: no official source could be read in this pass (no official text of the nationality law found). No civics or knowledge test is known for naturalization.
AR,Argentina,no,,,,,,high,Ley 346 as currently in force sets no examination. https://servicios.infoleg.gob.ar/infolegInternet/anexos/45000-49999/48854/texact.htm RULES CHANGED IN THE LAST 2 YEARS: the text now includes citizenship by investment and revised procedure (2025); still no test.
AT,Austria,yes,Staatsbürgerschaftsprüfung,"18 questions, 120 min, written",https://www.staatsbuergerschaft.gv.at/fileadmin/user_upload/Broschuere/RZ_BMI_StaBuBro_Gesamt-Buch_2020_screen.pdf,"© BMI, Dezember 2020; no open licence stated",no,high,Federal parts plus a part on the history of each of the nine Länder. Study book is © BMI with no open licence.
AU,Australia,yes,Australian citizenship test,"20 questions, 75% to pass, computer",https://immi.homeaffairs.gov.au/citizenship-subsite/files/our-common-bond-testable.pdf,"Creative Commons Attribution 4.0 International (CC BY 4.0), excluding the Coat of Arms and third-party images",yes,high,Booklet is CC BY 4.0 and includes practice questions; the live question bank is not published. Time limit not confirmed.
AZ,Azerbaijan,unclear,,,,,,low,Not verified: no official source could be read in this pass (the migration service page would not load). No civics or knowledge test is known for naturalization. A state-language requirement is known.
BA,Bosnia and Herzegovina,unclear,,,,,,low,Not verified: no official source could be read in this pass (no official text found). No civics or knowledge test is known for naturalization. A language requirement is known.
BB,Barbados,unclear,,,,,,low,Not verified: no official source could be read in this pass (no official text found). No civics or knowledge test is known for naturalization.
BD,Bangladesh,unclear,,,,,,low,Not verified: no official source could be read in this pass (the official laws site returned no usable text). No civics or knowledge test is known for naturalization.
BE,Belgium,unclear,,,,,,low,"Not verified: the justice ministry and legislation sites showed a CAPTCHA. Known but unconfirmed here: no test; applicants prove ""social integration"" by a diploma, training, work or an integration course."
BF,Burkina Faso,unclear,,,,,,low,Not verified: no official source could be read in this pass (no official text found). No civics or knowledge test is known for naturalization.
BG,Bulgaria,unclear,,,,,,low,Not verified: no official source could be read in this pass (no official page found). No civics or knowledge test is known for naturalization. A Bulgarian language requirement is known.
BH,Bahrain,unclear,,,,,,low,Not verified: no official source could be read in this pass (no official text found). No civics or knowledge test is known for naturalization.
BI,Burundi,unclear,,,,,,low,Not verified: no official source could be read in this pass (no official text found). No civics or knowledge test is known for naturalization.
BJ,Benin,unclear,,,,,,low,Not verified: no official source could be read in this pass (the government page gave only a download link). No civics or knowledge test is known for naturalization.
BN,Brunei,unclear,,,,,,low,Not verified: no official source could be read in this pass (the Attorney General’s Chambers link to the Nationality Act was dead). A Malay language examination before a board is known; whether it tests general knowledge was not confirmed.
BO,Bolivia,unclear,,,,,,low,Not verified: no official source could be read in this pass (no official page found). No civics or knowledge test is known for naturalization.
BR,Brazil,no,,,,,,high,"Lei 13.445/2017 art. 65: civil capacity, residence, ability to communicate in Portuguese, no criminal conviction; no civics test. https://www.planalto.gov.br/ccivil_03/_ato2015-2018/2017/lei/l13445.htm"
BS,Bahamas,unclear,,,,,,low,Not verified: no official source could be read in this pass (the official laws site refused the request). No civics or knowledge test is known for naturalization.
BT,Bhutan,yes,,written/oral,,,unclear,medium,"Citizenship Act 1985: written and oral tests of Dzongkha and of knowledge of culture, customs, traditions and history. No format or material published."
BW,Botswana,unclear,,,,,,low,Not verified: no official source could be read in this pass (the government site has an expired certificate). No civics or knowledge test is known for naturalization. A Setswana or other local-language requirement is known.
BY,Belarus,no,,,,,,high,"Law on citizenship: the applicant must know one of the state languages well enough to communicate, assessed as the interior and foreign ministries decide; no civics test. https://etalonline.by/document/?regnum=h10200136"
BZ,Belize,no,,,,,,medium,"The official process lists documents, an interview with Immigration, approval, payment and the oath; no test. https://immigration.gov.bz/citizenship/citizenship-process-by-registration/ What is asked at the interview is not described."
CA,Canada,yes,Citizenship test,"20 questions, 15 to pass, 45 min, computer",https://www.canada.ca/en/immigration-refugees-citizenship/corporate/publications-manuals/discover-canada.html,Canada.ca terms: reproduction for non-commercial purposes without permission; commercial reproduction needs written permission,no,high,Questions are not published. Discover Canada may be reproduced non-commercially; commercial use needs permission. Who is exempt (reported: under 18 and over 54) not confirmed here.
CD,Congo (Democratic Republic),unclear,,,,,,low,Not verified: no official source could be read in this pass (no official text found). No civics or knowledge test is known for naturalization.
CF,Central African Republic,unclear,,,,,,low,Not verified: no official source could be read in this pass (no official text found). No civics or knowledge test is known for naturalization.
CG,Congo,unclear,,,,,,low,Not verified: no official source could be read in this pass (no official text found). No civics or knowledge test is known for naturalization.
CI,Côte d'Ivoire,unclear,,,,,,low,Not verified: no official source could be read in this pass (no official text found). No civics or knowledge test is known for naturalization.
CL,Chile,no,,,,,,medium,The migration service’s nationality page lists requirements and an online application; no examination. https://serviciomigraciones.cl/nacionalidad/
CM,Cameroon,unclear,,,,,,low,Not verified: no official source could be read in this pass (no official text found). No civics or knowledge test is known for naturalization.
CN,China,no,,,,,,high,"Nationality Law arts. 7, 8 and 16: willingness to abide by the Constitution and laws, plus a qualifying tie; approval by the Ministry of Public Security; no test. http://www.npc.gov.cn/zgrdw/englishnpc/Law/2007-12/13/content_1384056.htm"
CO,Colombia,yes,Exámenes de conocimiento,,,,unclear,high,"Examinations on the Constitution, history, culture and geography (and Spanish where needed). Format and study material not published on the ministry page."
CR,Costa Rica,yes,Pruebas de naturalización: Historia y Valores de Costa Rica (Estudios Sociales) e Idioma Español,"70% to pass, written",https://dgec.mep.go.cr/wp-content/uploads/2024/05/Practica-Estudios-Sociales-Naturalizacion.pdf,,unclear,high,"Social studies (history and values) and Spanish papers, 70 to pass each. Practice paper published; licence not stated."
CU,Cuba,unclear,,,,,,low,Not verified: no official source could be read in this pass (no official text found). No civics or knowledge test is known for naturalization.
CV,Cabo Verde,unclear,,,,,,low,Not verified: no official source could be read in this pass (no official text found). No civics or knowledge test is known for naturalization.
CY,Cyprus,yes,Examination of the Basic Elements of the Contemporary Political and Social Reality of Cyprus,"60% to pass, 45 min, written",,,unclear,high,"60% to pass, 45 minutes, twice a year, in Greek. Greek B1 separately. Material announced per sitting."
CZ,Czechia,yes,Zkouška z českých reálií,"30 questions, written",https://cestina-pro-cizince.cz/obcanstvi/?hl=en_GB,,unclear,high,Databank of 300 tasks is published; the site carries © NPI ČR and no licence statement. Pass mark and time not on the page read.
DE,Germany,yes,Einbürgerungstest,"33 questions, 17 to pass, 60 min, written",https://www.bamf.de/SharedDocs/Anlagen/DE/Integration/Einbuergerung/gesamtfragenkatalog-lebenindeutschland.html,,unclear,high,Full catalogue (300 + 10 per Land) published by BAMF. Best-documented bank; reuse rights not established. Test fee not read.
DJ,Djibouti,unclear,,,,,,low,Not verified: no official source could be read in this pass (no official text found). No civics or knowledge test is known for naturalization.
DK,Denmark,yes,Indfødsretsprøven,"45 questions, 36 to pass, 45 min, written",https://danskogproever.dk/borger/indfoedsretsproeve-statsborgerskab/forberedelse-til-indfoedsretsproeven/,,unclear,high,Past papers and learning material are free to access; no licence statement found. Fee per sitting not read.
DM,Dominica,unclear,,,,,,low,Not verified: no official source could be read in this pass (no official text found). No civics or knowledge test is known for naturalization.
DO,Dominican Republic,yes,Examen de cultura general dominicana,,,,no,high,"General-culture exam (culture, geography, history) in Spanish plus an interview. Questionnaire handed out in person, not published."
DZ,Algeria,unclear,,,,,,low,Not verified: no official source could be read in this pass (the official gazette site did not respond). No civics or knowledge test is known for naturalization.
EC,Ecuador,yes,Examen de conocimientos,"90% to pass, computer",,,unclear,high,90% needed. RULES CHANGED IN THE LAST 2 YEARS: a 2025 regulation to the mobility law is now the legal basis. Question bank is internal.
EE,Estonia,yes,Examination on knowledge of the Constitution and Citizenship Act of the Republic of Estonia,"24 questions, 18 to pass, 45 min, computer",,,unclear,high,"24 questions, 18 to pass, 45 minutes, on a computer, in Estonian. Estonian language exam separately."
EG,Egypt,unclear,,,,,,low,Not verified: no official source could be read in this pass (no official text found). No civics or knowledge test is known for naturalization.
ER,Eritrea,unclear,,,,,,low,Not verified: no official source could be read in this pass (no official text found). No civics or knowledge test is known for naturalization.
ET,Ethiopia,unclear,,,,,,low,Not verified: no official source could be read in this pass (no official text found). No civics or knowledge test is known for naturalization.
FI,Finland,no,,,,,,low,"No test today, but one is on the way. RULES CHANGING: government press releases (valtioneuvosto.fi, titles seen; pages blocked) say a proposal went to Parliament on 16 April 2026 and a computer-based test in Finnish or Swedish is to start in early 2027, run by the Finnish Immigration Service. https://valtioneuvosto.fi/en/-/1410869/citizenship-test-to-be-introduced-in-early-2027 Recheck before relying on it."
FJ,Fiji,unclear,,,,,,low,Not verified: no official source could be read in this pass (the official laws site returned an error for the Citizenship of Fiji Act 2009). No civics or knowledge test is known for naturalization.
FR,France,yes,Examen civique,"40 questions, 32 to pass, 45 min, computer",https://www.immigration.interieur.gouv.fr/devenir-francais/procedures-dacces-a-nationalite-francaise,,unclear,high,RULES CHANGED IN THE LAST 2 YEARS: civic exam in place from 1 January 2026. The ministry publishes the list of knowledge questions; no licence statement read.
GA,Gabon,unclear,,,,,,low,Not verified: no official source could be read in this pass (no official text found). No civics or knowledge test is known for naturalization.
GD,Grenada,unclear,,,,,,low,Not verified: no official source could be read in this pass (no official text found). No civics or knowledge test is known for naturalization.
GE,Georgia,yes,"Test of knowledge of the official language, history and basic principles of law of Georgia",computer,,,unclear,high,"Language, history and basics of law, taken on a computer. First sitting free, then GEL 40. No published questions found."
GH,Ghana,unclear,,,,,,low,Not verified: no official source could be read in this pass (no official text found). No civics or knowledge test is known for naturalization. A local-language requirement is known.
GM,Gambia,unclear,,,,,,low,Not verified: no official source could be read in this pass (no official text found). No civics or knowledge test is known for naturalization.
GN,Guinea,unclear,,,,,,low,Not verified: no official source could be read in this pass (no official text found). No civics or knowledge test is known for naturalization.
GQ,Equatorial Guinea,unclear,,,,,,low,Not verified: no official source could be read in this pass (no official text found). No civics or knowledge test is known for naturalization.
GR,Greece,yes,Εξετάσεις Πιστοποιητικού Επάρκειας Γνώσεων για Πολιτογράφηση (Π.Ε.Γ.Π.),"70% to pass, written/oral",https://exetaseis-ithageneia.ypes.gr/,,unclear,medium,Question bank published by the Interior Ministry. Pass rule (70/100) known only through a search summary of ministry pages.
GT,Guatemala,unclear,,,,,,low,Not verified: no official source could be read in this pass (no official text found). No civics or knowledge test is known for naturalization.
GW,Guinea-Bissau,unclear,,,,,,low,Not verified: no official source could be read in this pass (no official text found). No civics or knowledge test is known for naturalization.
GY,Guyana,unclear,,,,,,low,Not verified: no official source could be read in this pass (no official text found). No civics or knowledge test is known for naturalization.
HN,Honduras,yes,Examen para optar a la nacionalidad hondureña,,https://www.sgjd.gob.hn/servicios-y-gestiones-web/requisitos/servicios-de-atencion-al-ciudadano/otros-servicios/1953-temario-de-examen-para-optar-a-la-nacionalidad-hondurena/file,,unclear,medium,"Exam on history, geography and the Constitution. Syllabus found on the ministry site but the file would not open."
HR,Croatia,yes,Upitnik o poznavanju hrvatske kulture i društvenog uređenja,"15 questions, 10 to pass, 60 min, written",https://narodne-novine.nn.hr/clanci/sluzbeni/2021_01_6_124.html,,unclear,high,All 110 questions are printed in the official gazette as an annex to the regulation. Strong candidate for reuse; copyright status of gazette texts not checked.
HT,Haiti,unclear,,,,,,low,Not verified: no official source could be read in this pass (no official text found). No civics or knowledge test is known for naturalization.
HU,Hungary,yes,Alkotmányos alapismeretek vizsga,"60 min, written/oral",https://kormanyhivatalok.hu/sites/default/files/2025-01/alkotmanyos-alapismeretek-vizsga-tajekoztato.pdf,"A book on sale (4,600 forints); copyright work",no,high,"Written and oral, in Hungarian, in Budapest. Fee 145,400 HUF. Study book is a commercial publication."
ID,Indonesia,unclear,,,,,,low,Not verified: the official regulations site refused the request. Known but unconfirmed here: applicants must speak Indonesian and acknowledge Pancasila and the 1945 Constitution; whether that is examined was not confirmed.
IN,India,unclear,,,,,,low,"Not verified: the official code site timed out. Known but unconfirmed here: knowledge of a scheduled language, no civics test."
IQ,Iraq,unclear,,,,,,low,Not verified: no official source could be read in this pass (no official text found). No civics or knowledge test is known for naturalization.
IR,Iran,unclear,,,,,,low,Not verified: no official source could be read in this pass (no official text found). No civics or knowledge test is known for naturalization.
IS,Iceland,unclear,,,,,,low,"Not verified: the conditions page was not found. Known but unconfirmed here: an Icelandic language test, no civics test."
KH,Cambodia,unclear,,,,,,low,Not verified: no official text of the nationality law found. The 1996 law is reported to ask for Khmer language and some knowledge of Khmer history; whether that is tested was not confirmed.
KM,Comoros,unclear,,,,,,low,Not verified: no official source could be read in this pass (no official text found). No civics or knowledge test is known for naturalization.
SV,El Salvador,unclear,,,,,,low,Not verified: the legislature’s copy of the migration law would not open. A search of official sites found eligibility rules but no knowledge examination.
SZ,Eswatini,unclear,,,,,,low,Not verified: no official source could be read in this pass (no official text found). No civics or knowledge test is known for naturalization.
TD,Chad,unclear,,,,,,low,Not verified: no official source could be read in this pass (no official text found). No civics or knowledge test is known for naturalization.
