id,verdict,reason
878690f9-20de-5257-b61a-bea5064c9d76,pass,"Wording and options match Anlage 1, question 1. The annex prints no answer key: the answer is settled by Grundgesetz, Artikel 5 (""Jeder hat das Recht, seine Meinung in Wort, Schrift und Bild frei zu ä…"")."
d138529a-248b-5268-a249-4ccf67cfaf78,pass,"Wording and options match Anlage 1, question 2. The annex prints no answer key: the answer is settled by Grundgesetz, Artikel 7 (""Die Erziehungsberechtigten haben das Recht, über die Teilnahme des Kin…"")."
31d6f3a9-6582-517b-947f-eeae4ef015d5,pass,"Wording and options match Anlage 1, question 3. The annex prints no answer key: the answer is settled by Grundgesetz, Artikel 20 (""Die Gesetzgebung ist an die verfassungsmäßige Ordnung, die vollziehend…"")."
37239b98-5558-50a5-b926-2f90d33ad77f,pass,"Wording and options match Anlage 1, question 4. The annex prints no answer key: the answer is settled by Grundgesetz, Artikel 5 (""Jeder hat das Recht, seine Meinung in Wort, Schrift und Bild frei zu ä…"")."
551ed04e-b789-530b-908d-daeb0b3e473e,pass,"Wording and options match Anlage 1, question 6. The annex prints no answer key: the answer is settled by Grundgesetz, Präambel (""hat sich das Deutsche Volk kraft seiner verfassungsgebenden Gewalt die…"")."
6c58b579-3b60-57ca-9468-20004fe8475b,pass,"Wording and options match Anlage 1, question 7. The annex prints no answer key: the answer is settled by Grundgesetz, Artikel 4 (""Die Freiheit des Glaubens, des Gewissens und die Freiheit des religiös…"")."
cb82cc28-1bcb-538f-bda8-445678ed1010,pass,"Wording and options match Anlage 1, question 8. The annex prints no answer key: the answer is settled by Grundgesetz, Artikel 3 (""Alle Menschen sind vor dem Gesetz gleich."")."
b6400395-b989-5dc7-928b-f897706e6db3,pass,"Wording and options match Anlage 1, question 9. The annex prints no answer key: the answer is settled by Grundgesetz, Artikel 16a (""Politisch Verfolgte genießen Asylrecht."")."
612fcd31-d7f1-5512-8c11-22da357e0616,pass,"Wording and options match Anlage 1, question 11. The annex prints no answer key: the answer is settled by Grundgesetz, Präambel (""hat sich das Deutsche Volk kraft seiner verfassungsgebenden Gewalt die…"")."
96927c7f-a045-574b-951f-a8e48a47470f,pass,"Wording and options match Anlage 1, question 12. The annex prints no answer key: the answer is settled by Grundgesetz, Artikel 19 (""In keinem Falle darf ein Grundrecht in seinem Wesensgehalt angetastet …"")."
76022056-b90f-5adc-882a-8321b6091390,pass,"Wording and options match Anlage 1, question 15. The annex prints no answer key: the answer is settled by Grundgesetz, Artikel 12 (""Zwangsarbeit ist nur bei einer gerichtlich angeordneten Freiheitsentzi…"")."
eac700ee-d951-50f5-96f7-dca0c14c2e67,pass,"Wording and options match Anlage 1, question 17. The annex prints no answer key: the answer is settled by Grundgesetz, Artikel 3 (""Alle Menschen sind vor dem Gesetz gleich."")."
38ec84bc-4458-5a99-a39e-3eedd86b068e,pass,"Wording and options match Anlage 1, question 18. The annex prints no answer key: the answer is settled by Grundgesetz, Artikel 1 (""Die Würde des Menschen ist unantastbar."")."
d67104b7-4274-52f1-a062-4ee7296dcca5,pass,"Wording and options match Anlage 1, question 20. The annex prints no answer key: the answer is settled by Grundgesetz, Artikel 21 (""die freiheitliche demokratische Grundordnung zu beeinträchtigen oder z…"")."
0fab353a-0302-5a87-995d-40cd08346cf1,pass,"Wording and options match Anlage 1, question 22. The annex prints no answer key: the answer is settled by Grundgesetz, Artikel 20 (""Die Bundesrepublik Deutschland ist ein demokratischer und sozialer Bun…"")."
7f168c0a-3745-5153-8049-1e6671fd9cd1,pass,"Wording and options match Anlage 1, question 24. The annex prints no answer key: the answer is settled by Grundgesetz, Präambel (""Die Deutschen in den Ländern Baden-Württemberg, Bayern, Berlin, Brande…"")."
e8939315-1804-510a-bfd9-b2029e1bf9f3,pass,"Wording and options match Anlage 1, question 25. The annex prints no answer key: the answer is settled by Grundgesetz, Präambel (""Nordrhein-Westfalen, Rheinland-Pfalz, Saarland, Sachsen, Sachsen-Anhal…"")."
572cf9d5-8d3e-5c31-89cd-e8d99bffef5e,pass,"Wording and options match Anlage 1, question 26. The annex prints no answer key: the answer is settled by Grundgesetz, Artikel 20 (""Die Bundesrepublik Deutschland ist ein demokratischer und sozialer Bun…"")."
9c4f93a3-34fe-59a3-a61f-b6af9f861fd7,pass,"Wording and options match Anlage 1, question 27. The annex prints no answer key: the answer is settled by Grundgesetz, Artikel 20 (""Die Bundesrepublik Deutschland ist ein demokratischer und sozialer Bun…"")."
b91021da-49d3-556d-9c81-acea1da6fe2b,pass,"Wording and options match Anlage 1, question 28. The annex prints no answer key: the answer is settled by Grundgesetz, Artikel 38 (""Die Abgeordneten des Deutschen Bundestages werden in allgemeiner, unmi…"")."
11db1eda-9f96-5534-a66e-9f84af2029e4,pass,"Wording and options match Anlage 1, question 30. The annex prints no answer key: the answer is settled by Grundgesetz, Artikel 5 (""Eine Zensur findet nicht statt."")."
67bbb9b9-9036-5c9d-a810-31bb57628a5e,pass,"Wording and options match Anlage 1, question 32. The annex prints no answer key: the answer is settled by Grundgesetz, Artikel 20 (""durch besondere Organe der Gesetzgebung, der vollziehenden Gewalt und …"")."
f0f93704-9662-52e9-b0a9-b70fa3d6f039,pass,"Wording and options match Anlage 1, question 33. The annex prints no answer key: the answer is settled by Grundgesetz, Artikel 140 (""Es besteht keine Staatskirche."")."
b7d35e2b-dead-5c59-8b88-1873252a74a4,pass,"Wording and options match Anlage 1, question 34. The annex prints no answer key: the answer is settled by Grundgesetz, Artikel 20 (""Die Bundesrepublik Deutschland ist ein demokratischer und sozialer Bun…"")."
c45d0417-3ff7-572e-915b-d03fd524c720,pass,"Wording and options match Anlage 1, question 38. The annex prints no answer key: the answer is settled by Grundgesetz, Artikel 20 (""Die Bundesrepublik Deutschland ist ein demokratischer und sozialer Bun…"")."
473b3a3b-a752-5665-9c9e-6f682f1199ce,pass,"Wording and options match Anlage 1, question 42. The annex prints no answer key: the answer is settled by Grundgesetz, Artikel 77 (""Die Bundesgesetze werden vom Bundestage beschlossen."")."
5e8f8b22-dc0a-59eb-9cbb-6d41126f4683,pass,"Wording and options match Anlage 1, question 43. The annex prints no answer key: the answer is settled by Grundgesetz, Artikel 21 (""die freiheitliche demokratische Grundordnung zu beeinträchtigen oder z…"")."
e332dcb3-f883-5228-b0af-a8adca13a5bb,pass,"Wording and options match Anlage 1, question 44. The annex prints no answer key: the answer is settled by Grundgesetz, Artikel 54 (""Der Bundespräsident wird ohne Aussprache von der Bundesversammlung gew…"")."
73b4460e-bb6f-5acc-8e47-36e0a8815762,pass,"Wording and options match Anlage 1, question 52. The annex prints no answer key: the answer is settled by Grundgesetz, Artikel 20 (""Alle Staatsgewalt geht vom Volke aus."")."
e0307c1f-3c0a-5f0e-b028-beeede421077,pass,"Wording and options match Anlage 1, question 53. The annex prints no answer key: the answer is settled by Grundgesetz, Artikel 20 (""Die Gesetzgebung ist an die verfassungsmäßige Ordnung, die vollziehend…"")."
b9a45a0d-1f44-5e34-8483-144a55766e46,pass,"Wording and options match Anlage 1, question 58. The annex prints no answer key: the answer is settled by Grundgesetz, Artikel 64 (""Die Bundesminister werden auf Vorschlag des Bundeskanzlers vom Bundesp…"")."
ef21c7b3-ae05-537a-bb6d-c097927e9d9d,pass,"Wording and options match Anlage 1, question 60. The annex prints no answer key: the answer is settled by Grundgesetz, Artikel 50 (""Durch den Bundesrat wirken die Länder bei der Gesetzgebung und Verwalt…"")."
db21b756-f61c-5435-964a-47ef4fcbf2a7,pass,"Wording and options match Anlage 1, question 61. The annex prints no answer key: the answer is settled by Grundgesetz, Artikel 20 (""Alle Staatsgewalt geht vom Volke aus."")."
5b6f6a7e-f55a-5d63-9b71-dfa398e326fe,pass,"Wording and options match Anlage 1, question 68. The annex prints no answer key: the answer is settled by Grundgesetz, Artikel 7 (""Das gesamte Schulwesen steht unter der Aufsicht des Staates."")."
a7cf618e-d701-5f44-b3d2-b238bb12592c,pass,"Wording and options match Anlage 1, question 74. The annex prints no answer key: the answer is settled by Grundgesetz, Artikel 38 (""Die Abgeordneten des Deutschen Bundestages werden in allgemeiner, unmi…"")."
e0cadb55-8877-5233-b778-9e9a222fc3e8,pass,"Wording and options match Anlage 1, question 80. The annex prints no answer key: the answer is settled by Grundgesetz, Artikel 94 (""über die Auslegung dieses Grundgesetzes"")."
707a5623-5248-5ad4-b386-9eb570b56d98,pass,"Wording and options match Anlage 1, question 81. The annex prints no answer key: the answer is settled by Grundgesetz, Artikel 63 (""Der Bundeskanzler wird auf Vorschlag des Bundespräsidenten vom Bundest…"")."
762715b5-c1f6-5c20-9438-546174acd13a,pass,"Wording and options match Anlage 1, question 82. The annex prints no answer key: the answer is settled by Grundgesetz, Artikel 65 (""Der Bundeskanzler leitet ihre Geschäfte"")."
556ecf0f-4ced-5748-b2de-cb48ae6a893f,pass,"Wording and options match Anlage 1, question 83. The annex prints no answer key: the answer is settled by Grundgesetz, Artikel 63 (""Der Bundeskanzler wird auf Vorschlag des Bundespräsidenten vom Bundest…"")."
68a5f663-98d0-5524-8344-3b7303afd411,pass,"Wording and options match Anlage 1, question 84. The annex prints no answer key: the answer is settled by Grundgesetz, Artikel 59 (""Der Bundespräsident vertritt den Bund völkerrechtlich."")."
e8f3d472-2d7c-5735-a9f6-4bc4f4fb0401,pass,"Wording and options match Anlage 1, question 85. The annex prints no answer key: the answer is settled by Grundgesetz, Artikel 51 (""Der Bundesrat besteht aus Mitgliedern der Regierungen der Länder, die …"")."
43ba62c6-266e-5b27-861d-11a883ae8995,pass,"Wording and options match Anlage 1, question 86. The annex prints no answer key: the answer is settled by Grundgesetz, Artikel 54 (""Der Bundespräsident wird ohne Aussprache von der Bundesversammlung gew…"")."
715d46da-4724-5e58-a35d-3b3f0b98ee0d,pass,"Wording and options match Anlage 1, question 90. The annex prints no answer key: the answer is settled by Grundgesetz, Artikel 50 (""Durch den Bundesrat wirken die Länder bei der Gesetzgebung und Verwalt…"")."
83f0ff46-6262-579c-9747-9f99b6d1500e,pass,"Wording and options match Anlage 1, question 94. The annex prints no answer key: the answer is settled by Grundgesetz, Artikel 38 (""Wahlberechtigt ist, wer das achtzehnte Lebensjahr vollendet hat"")."
058fc898-7d00-5d58-80dc-35ac9cd45613,pass,"Wording and options match Anlage 1, question 107. The annex prints no answer key: the answer is settled by Grundgesetz, Artikel 39 (""Der Bundestag wird vorbehaltlich der nachfolgenden Bestimmungen auf vi…"")."
bf13d299-d173-5d71-b6a5-7bc24537b67d,pass,"Wording and options match Anlage 1, question 108. The annex prints no answer key: the answer is settled by Grundgesetz, Artikel 38 (""Wahlberechtigt ist, wer das achtzehnte Lebensjahr vollendet hat"")."
ffd98ac3-6724-54e0-8721-12eec36003e5,pass,"Wording and options match Anlage 1, question 109. The annex prints no answer key: the answer is settled by Grundgesetz, Artikel 39 (""Der Bundestag wird vorbehaltlich der nachfolgenden Bestimmungen auf vi…"")."
42ed0549-73c1-5547-846b-0dc2288fdfd1,pass,"Wording and options match Anlage 1, question 110. The annex prints no answer key: the answer is settled by Grundgesetz, Artikel 39 (""Der Bundestag wird vorbehaltlich der nachfolgenden Bestimmungen auf vi…"")."
7c9b07dd-8631-5a60-96fc-754ee090bc29,pass,"Wording and options match Anlage 1, question 112. The annex prints no answer key: the answer is settled by Grundgesetz, Artikel 38 (""Die Abgeordneten des Deutschen Bundestages werden in allgemeiner, unmi…"")."
e879268d-56c6-5de5-a1b1-3f549fd1a634,pass,"Wording and options match Anlage 1, question 122. The annex prints no answer key: the answer is settled by Grundgesetz, Artikel 38 (""Die Abgeordneten des Deutschen Bundestages werden in allgemeiner, unmi…"")."
79dcbcce-b711-5480-a80c-8d54b5d98ab9,pass,"Wording and options match Anlage 1, question 124. The annex prints no answer key: the answer is settled by Grundgesetz, Artikel 38 (""Die Abgeordneten des Deutschen Bundestages werden in allgemeiner, unmi…"")."
1b33ef6a-fdce-5853-90ce-0fc3ada7bae6,pass,"Wording and options match Anlage 1, question 129. The annex prints no answer key: the answer is settled by Grundgesetz, Artikel 38 (""Die Abgeordneten des Deutschen Bundestages werden in allgemeiner, unmi…"")."
be5df05e-61d4-5349-b702-4de11fa72f1f,pass,"Wording and options match Anlage 1, question 143. The annex prints no answer key: the answer is settled by Grundgesetz, Artikel 92 (""Die rechtsprechende Gewalt ist den Richtern anvertraut"")."
84e697a8-7d5e-57a6-8fe6-5320acdc7a60,pass,"Wording and options match Anlage 1, question 144. The annex prints no answer key: the answer is settled by Grundgesetz, Artikel 92 (""Die rechtsprechende Gewalt ist den Richtern anvertraut"")."
fde0640f-505d-5493-b9be-6dd01223579e,pass,"Wording and options match Anlage 1, question 145. The annex prints no answer key: the answer is settled by Grundgesetz, Artikel 92 (""Die rechtsprechende Gewalt ist den Richtern anvertraut"")."
c1005f1a-9299-5e2e-8c22-a14b272ba03d,pass,"Wording and options match Anlage 1, question 147. The annex prints no answer key: the answer is settled by Grundgesetz, Artikel 92 (""Die rechtsprechende Gewalt ist den Richtern anvertraut"")."
8320b318-85da-5c94-a7bf-bec12d045052,pass,"Wording and options match Anlage 1, question 194. The annex prints no answer key: the answer is settled by Einigungsvertrag, Artikel 2 (""Der 3. Oktober ist als Tag der Deutschen Einheit gesetzlicher Feiertag…"")."
9a10391a-6418-5ec1-8f84-9bea1f1897a2,pass,"Wording and options match Anlage 1, question 201. The annex prints no answer key: the answer is settled by Einigungsvertrag, Artikel 1 (""werden die Länder Brandenburg, Mecklenburg-Vorpommern, Sachsen, Sachse…"")."
5c108bf8-1625-50d5-a92e-b4e752869b9f,pass,"Wording and options match Anlage 1, question 204. The annex prints no answer key: the answer is settled by Einigungsvertrag, Artikel 1 (""werden die Länder Brandenburg, Mecklenburg-Vorpommern, Sachsen, Sachse…"")."
1e6270a1-df52-5208-9b29-f0eac0805dd9,pass,"Wording and options match Anlage 1, question 218. The annex prints no answer key: the answer is settled by Einigungsvertrag, Artikel 1 (""werden die Länder Brandenburg, Mecklenburg-Vorpommern, Sachsen, Sachse…"")."
eda7c3ed-0ee4-5751-9041-8c08ca948291,pass,"Wording and options match Anlage 1, question 212. The annex prints no answer key: the answer is settled by Grundgesetz, Artikel 20 (""Die Bundesrepublik Deutschland ist ein demokratischer und sozialer Bun…"")."
53be3d98-5a3c-553f-8d66-dce0c8cbfa08,pass,"Wording and options match Anlage 1, question 214. The annex prints no answer key: the answer is settled by Grundgesetz, Artikel 22 (""Die Bundesflagge ist schwarz-rot-gold."")."
6abdb222-b1a0-57da-8ca6-17203dd9670a,pass,"Wording and options match Anlage 1, question 248. The annex prints no answer key: the answer is settled by Grundgesetz, Artikel 6 (""Pflege und Erziehung der Kinder sind das natürliche Recht der Eltern u…"")."
87f18995-5a17-57b3-af6a-7ed584824c32,pass,"Wording and options match Anlage 1, question 249. The annex prints no answer key: the answer is settled by Grundgesetz, Artikel 6 (""Pflege und Erziehung der Kinder sind das natürliche Recht der Eltern u…"")."
b8c75df5-10c4-5fba-a2c8-f5c1e960168d,pass,"Wording and options match Anlage 1, question 262. The annex prints no answer key: the answer is settled by Grundgesetz, Artikel 3 (""Niemand darf wegen seiner Behinderung benachteiligt werden."")."
3c60038f-7466-5241-83d3-02f3f95858d9,pass,"Wording and options match Anlage 1, question 274. The annex prints no answer key: the answer is settled by Grundgesetz, Artikel 10 (""Das Briefgeheimnis sowie das Post- und Fernmeldegeheimnis sind unverle…"")."
b99d31e2-aca3-5065-9bd6-73a0998134dd,pass,"Wording and options match Anlage 1, question 281. The annex prints no answer key: the answer is settled by Grundgesetz, Artikel 3 (""Niemand darf wegen seines Geschlechtes, seiner Abstammung, seiner Rass…"")."
